datevec,Sea,Temp,IceSAt,IceSAtmas1,IceSAtmas2
1880m1,-181.4,-.46,12187714,12097447,12099526
1880m2,-169.5,-.31,12097447,12099526,11785686
1880m3,-162.7,-.29,12099526,11785686,11750795
1880m4,-156.6,-.4,11785686,11750795,11595924
1880m5,-157.1,-.35,11750795,11595924,11823237
1880m6,-158,-.42,11595924,11823237,12096857
1880m7,-158,-.28,11823237,12096857,11980516
1880m8,-160.2,-.17,12096857,11980516,12126294
1880m9,-157.3,-.34,11980516,12126294,12153416
1880m10,-148.7,-.28,12126294,12153416,12152625
1880m11,-142.9,-.25,12153416,12152625,12169993
1880m12,-133.1,-.28,12152625,12169993,12060451
1881m1,-134.8,-.25,12169993,12060451,12434247
1881m2,-137.6,-.29,12060451,12434247,12688039
1881m3,-143.6,-.05,12434247,12688039,12833606
1881m4,-149.5,-.09,12688039,12833606,12627652
1881m5,-150.6,-.1,12833606,12627652,12730610
1881m6,-152.6,-.34,12627652,12730610,11719867
1881m7,-146.1,-.17,12730610,11719867,11627283
1881m8,-149.8,-.14,11719867,11627283,12118228
1881m9,-154.4,-.28,11627283,12118228,12139815
1881m10,-163.9,-.32,12118228,12139815,12136640
1881m11,-166.3,-.41,12139815,12136640,12141773
1881m12,-168.3,-.33,12136640,12141773,12143861
1882m1,-166.2,-.15,12141773,12143861,12377575
1882m2,-160.4,-.04,12143861,12377575,12059775
1882m3,-157.2,-.13,12377575,12059775,12071604
1882m4,-159,-.33,12059775,12071604,12174027
1882m5,-162.9,-.29,12071604,12174027,12421989
1882m6,-163.6,-.37,12174027,12421989,12512744
1882m7,-165.7,-.31,12421989,12512744,12273677
1882m8,-167.4,-.18,12512744,12273677,12202372
1882m9,-173.3,-.28,12273677,12202372,12114986
1882m10,-179.9,-.41,12202372,12114986,12103621
1882m11,-180.9,-.41,12114986,12103621,12096777
1882m12,-182.9,-.5600000000000001,12103621,12096777,12033641
1883m1,-178.3,-.5,12096777,12033641,11899645
1883m2,-178.4,-.45,12033641,11899645,12048290
1883m3,-170.8,-.22,11899645,12048290,12087171
1883m4,-170.7,-.26,12048290,12087171,12102786
1883m5,-162.4,-.31,12087171,12102786,11806612
1883m6,-162,-.14,12102786,11806612,11841692
1883m7,-159.5,-.14,11806612,11841692,12214317
1883m8,-160.4,-.24,11841692,12214317,12081900
1883m9,-157.7,-.35,12214317,12081900,12084070
1883m10,-156.6,-.37,12081900,12084070,12065024
1883m11,-151.6,-.36,12084070,12065024,12047275
1883m12,-147.5,-.32,12065024,12047275,12005462
1884m1,-140.9,-.3,12047275,12005462,11933164
1884m2,-137.9,-.22,12005462,11933164,12032172
1884m3,-135.4,-.39,11933164,12032172,12184906
1884m4,-133.6,-.42,12032172,12184906,12158851
1884m5,-134.4,-.39,12184906,12158851,12222133
1884m6,-138.4,-.39,12158851,12222133,12332022
1884m7,-141.7,-.31,12222133,12332022,12475567
1884m8,-145.2,-.22,12332022,12475567,12041062
1884m9,-148.8,-.35,12475567,12041062,12040235
1884m10,-148.8,-.36,12041062,12040235,12021756
1884m11,-152.4,-.38,12040235,12021756,12001460
1884m12,-148.3,-.34,12021756,12001460,11975280
1885m1,-151.5,-.64,12001460,11975280,11945428
1885m2,-146.7,-.36,11975280,11945428,11950181
1885m3,-143.7,-.26,11945428,11950181,11925861
1885m4,-141.1,-.43,11950181,11925861,11889094
1885m5,-141.5,-.36,11925861,11889094,12048076
1885m6,-141.1,-.44,11889094,12048076,11938219
1885m7,-146.8,-.33,12048076,11938219,12007688
1885m8,-141.6,-.29,11938219,12007688,12001402
1885m9,-144.9,-.25,12007688,12001402,12001190
1885m10,-139.6,-.26,12001402,12001190,11988560
1885m11,-141.7,-.22,12001190,11988560,11972222
1885m12,-143.5,-.09,11988560,11972222,11949867
1886m1,-145.7,-.39,11972222,11949867,11941625
1886m2,-150.6,-.46,11949867,11941625,11876013
1886m3,-145.2,-.31,11941625,11876013,11726605
1886m4,-140.4,-.23,11876013,11726605,11564374
1886m5,-133.1,-.22,11726605,11564374,12152339
1886m6,-133.8,-.35,11564374,12152339,11995690
1886m7,-139.2,-.11,12152339,11995690,11731115
1886m8,-146.1,-.25,11995690,11731115,11966226
1886m9,-153.5,-.23,11731115,11966226,11968533
1886m10,-153.6,-.33,11966226,11968533,11964765
1886m11,-156.3,-.35,11968533,11964765,11956103
1886m12,-154.2,-.31,11964765,11956103,11936444
1887m1,-160.6,-.66,11956103,11936444,11933739
1887m2,-164.2,-.52,11936444,11933739,12008176
1887m3,-161.3,-.36,11933739,12008176,11249511
1887m4,-157.2,-.43,12008176,11249511,11126343
1887m5,-150.3,-.31,11249511,11126343,11515402
1887m6,-145.5,-.25,11126343,11515402,11698547
1887m7,-145.7,-.1,11515402,11698547,11806370
1887m8,-145.9,-.28,11698547,11806370,11948863
1887m9,-149,-.27,11806370,11948863,11955041
1887m10,-145.9,-.39,11948863,11955041,11956802
1887m11,-147.2,-.33,11955041,11956802,11954410
1887m12,-146.4,-.41,11956802,11954410,11976429
1888m1,-153.7,-.49,11954410,11976429,11924698
1888m2,-154,-.48,11976429,11924698,12014043
1888m3,-153.4,-.46,11924698,12014043,12230335
1888m4,-153.6,-.36,12014043,12230335,12100981
1888m5,-152.6,-.29,12230335,12100981,12010706
1888m6,-150,-.25,12100981,12010706,11948159
1888m7,-147.4,-.21,12010706,11948159,11963074
1888m8,-146.9,-.24,11948159,11963074,11937172
1888m9,-149.9,-.21,11963074,11937172,11948635
1888m10,-143.4,-.12,11937172,11948635,11956518
1888m11,-144.4,-.07,11948635,11956518,11962426
1888m12,-144.4,-.24,11956518,11962426,11944552
1889m1,-149.5,-.24,11962426,11944552,11938724
1889m2,-145.8,.07,11944552,11938724,11807915
1889m3,-142.7,-.03,11938724,11807915,11886848
1889m4,-143.4,-.04,11807915,11886848,11967062
1889m5,-144.3,-.08,11886848,11967062,12203825
1889m6,-144.2,-.14,11967062,12203825,11922065
1889m7,-145.4,-.18,12203825,11922065,11960307
1889m8,-146,-.26,11922065,11960307,11947421
1889m9,-149.7,-.22,11960307,11947421,11954298
1889m10,-152.2,-.32,11947421,11954298,11961292
1889m11,-156,-.39,11954298,11961292,11970237
1889m12,-155.6,-.35,11961292,11970237,11954777
1890m1,-150.7,-.54,11970237,11954777,11945490
1890m2,-149.8,-.43,11954777,11945490,12084258
1890m3,-138.4,-.36,11945490,12084258,12075899
1890m4,-136.5,-.39,12084258,12075899,11880635
1890m5,-133.7,-.51,12075899,11880635,11874158
1890m6,-138.6,-.4,11880635,11874158,11983203
1890m7,-142.6,-.32,11874158,11983203,11921322
1890m8,-146.2,-.39,11983203,11921322,11963298
1890m9,-147.8,-.43,11921322,11963298,11964545
1890m10,-150.2,-.25,11963298,11964545,11967565
1890m11,-154.3,-.52,11964545,11967565,11965027
1890m12,-162.3,-.36,11967565,11965027,11960920
1891m1,-161.3,-.51,11965027,11960920,12684111
1891m2,-162.3,-.5600000000000001,11960920,12684111,12292271
1891m3,-146.5,-.19,12684111,12292271,12013276
1891m4,-149.2,-.33,12292271,12013276,12123448
1891m5,-143.8,-.23,12013276,12123448,12054763
1891m6,-146.8,-.26,12123448,12054763,11973931
1891m7,-142.2,-.25,12054763,11973931,11908552
1891m8,-140.6,-.21,11973931,11908552,11980626
1891m9,-141.6,-.19,11908552,11980626,11976517
1891m10,-142.9,-.25,11980626,11976517,11975405
1891m11,-146.6,-.4,11976517,11975405,11960454
1891m12,-147.2,-.11,11975405,11960454,11965753
1892m1,-144.2,-.39,11960454,11965753,11921851
1892m2,-137.7,-.13,11965753,11921851,12161120
1892m3,-138.2,-.36,11921851,12161120,12293222
1892m4,-137,-.45,12161120,12293222,12045901
1892m5,-141.5,-.33,12293222,12045901,12219438
1892m6,-140,-.23,12045901,12219438,11977419
1892m7,-144.2,-.33,12219438,11977419,12032652
1892m8,-145,-.29,11977419,12032652,11990786
1892m9,-150.1,-.22,12032652,11990786,11983632
1892m10,-149.9,-.31,11990786,11983632,11979181
1892m11,-154.7,-.54,11983632,11979181,11952354
1892m12,-150.8,-.5,11979181,11952354,11972055
1893m1,-145.9,-.88,11952354,11972055,11876620
1893m2,-142.2,-.61,11972055,11876620,11836865
1893m3,-135.1,-.21,11876620,11836865,12049167
1893m4,-136.3,-.39,11836865,12049167,12188150
1893m5,-137.6,-.41,12049167,12188150,11906718
1893m6,-138.9,-.31,12188150,11906718,12089612
1893m7,-139.1,-.11,11906718,12089612,11929946
1893m8,-137.4,-.27,12089612,11929946,11989743
1893m9,-137.4,-.25,11929946,11989743,11988521
1893m10,-139,-.19,11989743,11988521,11979070
1893m11,-143.5,-.19,11988521,11979070,12082978
1893m12,-144,-.35,11979070,12082978,11970437
1894m1,-146.8,-.53,12082978,11970437,11802611
1894m2,-145.9,-.34,11970437,11802611,11671040
1894m3,-148.3,-.27,11802611,11671040,11691878
1894m4,-147.3,-.46,11671040,11691878,11914818
1894m5,-150.5,-.4,11691878,11914818,11948591
1894m6,-151.1,-.46,11914818,11948591,12251376
1894m7,-152.9,-.23,11948591,12251376,12049667
1894m8,-153.1,-.26,12251376,12049667,11978783
1894m9,-156,-.36,12049667,11978783,11986239
1894m10,-151.7,-.3,11978783,11986239,11972421
1894m11,-149.8,-.41,11986239,11972421,11934234
1894m12,-139.2,-.31,11972421,11934234,11956412
1895m1,-137.3,-.58,11934234,11956412,12173372
1895m2,-133.3,-.52,11956412,12173372,12261368
1895m3,-138.4,-.33,12173372,12261368,12281632
1895m4,-139.8,-.29,12261368,12281632,12320967
1895m5,-146.4,-.31,12281632,12320967,12201249
1895m6,-140.7,-.23,12320967,12201249,12007053
1895m7,-139.4,-.22,12201249,12007053,12182435
1895m8,-135.8,-.2,12007053,12182435,11949648
1895m9,-137.8,-.13,12182435,11949648,11972136
1895m10,-130.7,-.18,11949648,11972136,11960219
1895m11,-134.2,-.15,11972136,11960219,11931129
1895m12,-137.2,-.22,11960219,11931129,11942571
1896m1,-146.8,-.28,11931129,11942571,12118818
1896m2,-156.8,-.22,11942571,12118818,12137597
1896m3,-153.8,-.34,12118818,12137597,12006988
1896m4,-148.8,-.4,12137597,12006988,11929285
1896m5,-142.5,-.19,12006988,11929285,11642986
1896m6,-133.7,-.16,11929285,11642986,12016577
1896m7,-136.4,-.1,11642986,12016577,12074646
1896m8,-137.3,-.16,12016577,12074646,12162363
1896m9,-142.6,-.13,12074646,12162363,11949783
1896m10,-145.3,-.04,12162363,11949783,11940204
1896m11,-148.1,-.18,11949783,11940204,11921677
1896m12,-150.5,-.15,11940204,11921677,11924278
1897m1,-147.9,-.25,11921677,11924278,11927280
1897m2,-148.2,-.22,11924278,11927280,11585617
1897m3,-142.3,-.22,11927280,11585617,11423993
1897m4,-140.6,-.1,11585617,11423993,11682882
1897m5,-131,-.07,11423993,11682882,12100470
1897m6,-129.2,-.15,11682882,12100470,11973809
1897m7,-125.5,-.08,12100470,11973809,11794111
1897m8,-128.2,-.11,11973809,11794111,11902519
1897m9,-134.9,-.17,11794111,11902519,11931180
1897m10,-141.9,-.15,11902519,11931180,11925592
1897m11,-156.5,-.23,11931180,11925592,11900674
1897m12,-153.9,-.2,11925592,11900674,11910118
1898m1,-147.4,-.1,11900674,11910118,11804739
1898m2,-132.9,-.3,11910118,11804739,11726781
1898m3,-125,-.53,11804739,11726781,11542790
1898m4,-123.3,-.29,11726781,11542790,11634256
1898m5,-122,-.39,11542790,11634256,11620698
1898m6,-128.1,-.22,11634256,11620698,11787194
1898m7,-131.8,-.24,11620698,11787194,11723737
1898m8,-137.9,-.25,11787194,11723737,11905889
1898m9,-135.8,-.25,11723737,11905889,11923098
1898m10,-130.7,-.33,11905889,11923098,11905170
1898m11,-126.8,-.43,11923098,11905170,11873312
1898m12,-125.7,-.31,11905170,11873312,11891830
1899m1,-125.1,-.26,11873312,11891830,11842463
1899m2,-127.4,-.4,11891830,11842463,11978255
1899m3,-126.4,-.33,11842463,11978255,12132949
1899m4,-123.4,-.19,11978255,12132949,12089987
1899m5,-126.3,-.19,12132949,12089987,11711884
1899m6,-127,-.31,12089987,11711884,11746665
1899m7,-130.3,-.13,11711884,11746665,12045985
1899m8,-124.2,-.1,11746665,12045985,11913172
1899m9,-118.5,-.11,12045985,11913172,11924394
1899m10,-112.7,-.05,11913172,11924394,11894529
1899m11,-115.5,.08,11924394,11894529,11858717
1899m12,-120.9,-.32,11894529,11858717,11881348
1900m1,-127.3,-.37,11858717,11881348,11851315
1900m2,-129.2,.02,11881348,11851315,11772880
1900m3,-127.9,-.04,11851315,11772880,12043935
1900m4,-128.2,-.13,11772880,12043935,12149300
1900m5,-125.7,-.1,12043935,12149300,12068527
1900m6,-126.6,-.12,12149300,12068527,12013104
1900m7,-128.9,-.13,12068527,12013104,11944190
1900m8,-127.1,-.13,12013104,11944190,11946544
1900m9,-133.5,-.08,11944190,11946544,11952685
1900m10,-128.6,-.02,11946544,11952685,11884948
1900m11,-130.5,-.17,11952685,11884948,12235152
1900m12,-128.5,-.11,11884948,12235152,11893635
1901m1,-131.2,-.26,12235152,11893635,12011911
1901m2,-133.1,-.05,11893635,12011911,12100597
1901m3,-133.4,-.02,12011911,12100597,11946490
1901m4,-129.4,-.07,12100597,11946490,11696529
1901m5,-133.4,-.18,11946490,11696529,12113420
1901m6,-132.1,-.15,11696529,12113420,11882274
1901m7,-134.6,-.2,12113420,11882274,11776038
1901m8,-129.4,-.2,11882274,11776038,11756677
1901m9,-125.4,-.23,11776038,11756677,11830559
1901m10,-122.5,-.29,11756677,11830559,12049481
1901m11,-121,-.25,11830559,12049481,11938131
1901m12,-121.7,-.29,12049481,11938131,11732848
1902m1,-121,-.17,11938131,11732848,12332378
1902m2,-120.5,.02,11732848,12332378,12201733
1902m3,-121.7,-.26,12332378,12201733,12020061
1902m4,-126.4,-.28,12201733,12020061,12089784
1902m5,-130.7,-.32,12020061,12089784,12190558
1902m6,-131.3,-.33,12089784,12190558,12339196
1902m7,-130.1,-.21,12190558,12339196,12708682
1902m8,-126.2,-.3,12339196,12708682,12107029
1902m9,-122.8,-.29,12708682,12107029,11952968
1902m10,-120.2,-.35,12107029,11952968,11826091
1902m11,-119.7,-.43,11952968,11826091,11769329
1902m12,-121.2,-.47,11826091,11769329,11817640
1903m1,-119.6,-.27,11769329,11817640,11885890
1903m2,-120.1,.04,11817640,11885890,11742627
1903m3,-113.4,-.17,11885890,11742627,11748538
1903m4,-108.7,-.37,11742627,11748538,11791174
1903m5,-108.2,-.34,11748538,11791174,11844879
1903m6,-109,-.44,11791174,11844879,11684174
1903m7,-114.6,-.29,11844879,11684174,11649358
1903m8,-117.9,-.4,11684174,11649358,11756616
1903m9,-122,-.45,11649358,11756616,11800586
1903m10,-119,-.43,11756616,11800586,11784073
1903m11,-122.6,-.34,11800586,11784073,11767219
1903m12,-119.9,-.46,11784073,11767219,11928397
1904m1,-124.3,-.57,11767219,11928397,11849998
1904m2,-116.6,-.47,11928397,11849998,11571713
1904m3,-121.3,-.37,11849998,11571713,11635536
1904m4,-121.7,-.45,11571713,11635536,11648340
1904m5,-126.7,-.43,11635536,11648340,11405333
1904m6,-125,-.34,11648340,11405333,11718163
1904m7,-128.6,-.34,11405333,11718163,11993251
1904m8,-129.6,-.35,11718163,11993251,11887893
1904m9,-131,-.4,11993251,11887893,11842574
1904m10,-130,-.33,11887893,11842574,11820081
1904m11,-130.7,-.13,11842574,11820081,11824861
1904m12,-133.2,-.22,11820081,11824861,11712690
1905m1,-136.4,-.31,11824861,11712690,11615539
1905m2,-138.5,-.5600000000000001,11712690,11615539,11797270
1905m3,-138,-.23,11615539,11797270,11638644
1905m4,-136.5,-.36,11797270,11638644,11692543
1905m5,-134.4,-.31,11638644,11692543,11646259
1905m6,-132.8,-.29,11692543,11646259,11659025
1905m7,-130.4,-.25,11646259,11659025,11749769
1905m8,-126.5,-.2,11659025,11749769,11733323
1905m9,-123.8,-.2,11749769,11733323,11803681
1905m10,-126,-.28,11733323,11803681,11951009
1905m11,-129.1,-.12,11803681,11951009,11813618
1905m12,-133.2,-.22,11951009,11813618,11747557
1906m1,-130.2,-.29,11813618,11747557,11827105
1906m2,-127.9,-.33,11747557,11827105,11955632
1906m3,-126.5,-.19,11827105,11955632,12032309
1906m4,-127.3,-.06,11955632,12032309,12106738
1906m5,-123.9,-.22,12032309,12106738,12171231
1906m6,-122.5,-.15,12106738,12171231,11561168
1906m7,-120.7,-.24,12171231,11561168,11633581
1906m8,-123.8,-.14,11561168,11633581,11881312
1906m9,-123.3,-.24,11633581,11881312,11929895
1906m10,-124.1,-.18,11881312,11929895,11900408
1906m11,-126,-.41,11929895,11900408,12009599
1906m12,-127.2,-.17,11900408,12009599,11969728
1907m1,-127.9,-.46,12009599,11969728,12001770
1907m2,-124.8,-.52,11969728,12001770,11663791
1907m3,-123.6,-.3,12001770,11663791,11407170
1907m4,-121.2,-.49,11663791,11407170,11586654
1907m5,-123.5,-.52,11407170,11586654,11652221
1907m6,-121.6,-.47,11586654,11652221,11652903
1907m7,-124.8,-.41,11652221,11652903,11799311
1907m8,-122.2,-.42,11652903,11799311,11822802
1907m9,-130.1,-.31,11799311,11822802,11799169
1907m10,-131.5,-.27,11822802,11799169,11853850
1907m11,-136,-.45,11799169,11853850,11861192
1907m12,-132.9,-.46,11853850,11861192,12005406
1908m1,-129.5,-.44,11861192,12005406,11868240
1908m2,-127.5,-.29,12005406,11868240,11932577
1908m3,-127.6,-.5,11868240,11932577,11916012
1908m4,-129.8,-.44,11932577,11916012,11743345
1908m5,-130.9,-.37,11916012,11743345,11666798
1908m6,-126.3,-.29,11743345,11666798,11858999
1908m7,-125.7,-.27,11666798,11858999,11343276
1908m8,-123.3,-.37,11858999,11343276,11818936
1908m9,-128.5,-.25,11343276,11818936,11845395
1908m10,-132.7,-.33,11818936,11845395,11846041
1908m11,-134.7,-.41,11845395,11846041,11803532
1908m12,-133.8,-.41,11846041,11803532,11768725
1909m1,-126.1,-.58,11803532,11768725,11884977
1909m2,-123.5,-.4,11768725,11884977,11844243
1909m3,-119,-.45,11884977,11844243,11863126
1909m4,-121.8,-.47,11844243,11863126,11870314
1909m5,-124.6,-.44,11863126,11870314,12089492
1909m6,-129.2,-.43,11870314,12089492,11741918
1909m7,-127.4,-.35,12089492,11741918,11724671
1909m8,-128.2,-.22,11741918,11724671,11885602
1909m9,-124.7,-.24,11724671,11885602,11961514
1909m10,-124.8,-.24,11885602,11961514,11961932
1909m11,-122.9,-.2,11961514,11961932,11972281
1909m12,-124.3,-.41,11961932,11972281,11970246
1910m1,-125.7,-.36,11972281,11970246,11951277
1910m2,-129,-.35,11970246,11951277,12112805
1910m3,-128.3,-.38,11951277,12112805,12192965
1910m4,-127.9,-.37,12112805,12192965,12248069
1910m5,-123.1,-.38,12192965,12248069,12000037
1910m6,-122.4,-.37,12248069,12000037,11892969
1910m7,-120.2,-.24,12000037,11892969,12795018
1910m8,-122.8,-.26,11892969,12795018,11891516
1910m9,-122.8,-.33,12795018,11891516,11983879
1910m10,-124.8,-.35,11891516,11983879,11984204
1910m11,-125,-.44,11983879,11984204,12083037
1910m12,-125.8,-.59,11984204,12083037,12156997
1911m1,-125.8,-.55,12083037,12156997,12090791
1911m2,-122.3,-.51,12156997,12090791,12165239
1911m3,-119.5,-.54,12090791,12165239,12147234
1911m4,-119,-.52,12165239,12147234,12138641
1911m5,-120.2,-.46,12147234,12138641,12076871
1911m6,-119.6,-.43,12138641,12076871,12095618
1911m7,-118.5,-.28,12076871,12095618,12046791
1911m8,-112.5,-.31,12095618,12046791,11951605
1911m9,-109.6,-.28,12046791,11951605,12056245
1911m10,-106.5,-.22,11951605,12056245,12043360
1911m11,-111.1,-.21,12056245,12043360,12038612
1911m12,-112.9,-.22,12043360,12038612,12035719
1912m1,-120.3,-.27,12038612,12035719,12215113
1912m2,-122.1,-.13,12035719,12215113,12412228
1912m3,-125.6,-.34,12215113,12412228,12129926
1912m4,-125.5,-.25,12412228,12129926,12258870
1912m5,-124.4,-.24,12129926,12258870,12163710
1912m6,-119.1,-.23,12258870,12163710,12201931
1912m7,-118.3,-.42,12163710,12201931,12189149
1912m8,-117,-.5600000000000001,12201931,12189149,12347960
1912m9,-117.5,-.47,12189149,12347960,12119065
1912m10,-117.1,-.55,12347960,12119065,12038179
1912m11,-115.1,-.35,12119065,12038179,12021653
1912m12,-112.8,-.38,12038179,12021653,12046768
1913m1,-118.2,-.42,12021653,12046768,12091039
1913m2,-121.6,-.37,12046768,12091039,11942395
1913m3,-126.6,-.42,12091039,11942395,11822503
1913m4,-126.1,-.4,11942395,11822503,12022402
1913m5,-124.4,-.42,11822503,12022402,12498909
1913m6,-119.1,-.48,12022402,12498909,12528053
1913m7,-115.6,-.33,12498909,12528053,12437161
1913m8,-112.7,-.29,12528053,12437161,12179752
1913m9,-112.4,-.3,12437161,12179752,12132692
1913m10,-113.2,-.35,12179752,12132692,12216746
1913m11,-109.2,-.23,12132692,12216746,12238947
1913m12,-114.4,-.06,12216746,12238947,12084716
1914m1,-109.3,-.06,12238947,12084716,12151745
1914m2,-115.4,-.13,12084716,12151745,11893375
1914m3,-113.7,-.23,12151745,11893375,12130694
1914m4,-116.5,-.27,11893375,12130694,11998820
1914m5,-115.2,-.19,12130694,11998820,11943252
1914m6,-118.3,-.21,11998820,11943252,11803504
1914m7,-118.1,-.21,11943252,11803504,11259685
1914m8,-120.9,-.18,11803504,11259685,11608413
1914m9,-115.4,-.2,11259685,11608413,11904059
1914m10,-110.2,-.04,11608413,11904059,12050115
1914m11,-97.40000000000001,-.21,11904059,12050115,12022295
1914m12,-87,-.18,12050115,12022295,12106341
1915m1,-82.09999999999999,-.24,12022295,12106341,11959994
1915m2,-83.59999999999999,-.09,12106341,11959994,11969004
1915m3,-91.5,-.16,11959994,11969004,11600285
1915m4,-100.7,-.02,11969004,11600285,11981684
1915m5,-106.9,-.05,11600285,11981684,11855190
1915m6,-109.5,-.04,11981684,11855190,11775053
1915m7,-112,-.03,11855190,11775053,11824754
1915m8,-112.8,-.13,11775053,11824754,12071943
1915m9,-113.8,-.08,11824754,12071943,12100908
1915m10,-113.6,-.22,12071943,12100908,12043741
1915m11,-108.1,-.13,12100908,12043741,12065506
1915m12,-108.4,-.21,12043741,12065506,12042367
1916m1,-102.1,-.19,12065506,12042367,11983408
1916m2,-104.7,-.18,12042367,11983408,11641228
1916m3,-99.5,-.34,11983408,11641228,12008665
1916m4,-102.5,-.28,11641228,12008665,12231452
1916m5,-101.2,-.34,12008665,12231452,12429368
1916m6,-106.4,-.39,12231452,12429368,12416554
1916m7,-110.1,-.29,12429368,12416554,12437696
1916m8,-114.3,-.22,12416554,12437696,12376402
1916m9,-112,-.28,12437696,12376402,12266291
1916m10,-110.1,-.21,12376402,12266291,12192251
1916m11,-102.2,-.38,12266291,12192251,12178742
1916m12,-101.1,-.64,12192251,12178742,12263307
1917m1,-101.2,-.42,12178742,12263307,12430343
1917m2,-107.5,-.51,12263307,12430343,12567988
1917m3,-110.8,-.52,12430343,12567988,12587569
1917m4,-114.3,-.4,12567988,12587569,12453059
1917m5,-113.5,-.57,12587569,12453059,12347585
1917m6,-112.3,-.38,12453059,12347585,12440822
1917m7,-108.5,-.19,12347585,12440822,12634087
1917m8,-109.1,-.22,12440822,12634087,12396155
1917m9,-109.9,-.17,12634087,12396155,12297859
1917m10,-111.5,-.38,12396155,12297859,12323631
1917m11,-112.1,-.31,12297859,12323631,12318395
1917m12,-109.7,-.71,12323631,12318395,12364325
1918m1,-108.1,-.51,12318395,12364325,12255239
1918m2,-111.9,-.46,12364325,12255239,11931566
1918m3,-113.6,-.31,12255239,11931566,12564710
1918m4,-115.5,-.47,11931566,12564710,12306797
1918m5,-113,-.48,12564710,12306797,12460036
1918m6,-111.1,-.37,12306797,12460036,12406141
1918m7,-110.5,-.3,12460036,12406141,12444101
1918m8,-112,-.41,12406141,12444101,12208782
1918m9,-108.3,-.26,12444101,12208782,12148928
1918m10,-110.4,-.1,12208782,12148928,12107559
1918m11,-110.2,-.23,12148928,12107559,12080726
1918m12,-114.8,-.36,12107559,12080726,12013828
1919m1,-116.5,-.2,12080726,12013828,12117569
1919m2,-118.3,-.23,12013828,12117569,12189760
1919m3,-116.7,-.21,12117569,12189760,12152500
1919m4,-113.8,-.14,12189760,12152500,12092984
1919m5,-111.1,-.2,12152500,12092984,12016741
1919m6,-104.6,-.21,12092984,12016741,11993060
1919m7,-105.4,-.22,12016741,11993060,11871613
1919m8,-101.9,-.18,11993060,11871613,11983333
1919m9,-103.6,-.14,11871613,11983333,12051138
1919m10,-106.9,-.2,11983333,12051138,12029801
1919m11,-108.3,-.46,12051138,12029801,12026476
1919m12,-112.8,-.35,12029801,12026476,12002498
1920m1,-113.3,-.14,12026476,12002498,11908632
1920m2,-115.3,-.23,12002498,11908632,11702539
1920m3,-114.6,-.02,11908632,11702539,11316175
1920m4,-110.5,-.16,11702539,11316175,11359588
1920m5,-105.8,-.14,11316175,11359588,11923889
1920m6,-102,-.22,11359588,11923889,12222925
1920m7,-101.6,-.27,11923889,12222925,12323216
1920m8,-104.4,-.22,12222925,12323216,12101034
1920m9,-108,-.23,12323216,12101034,12048636
1920m10,-109.2,-.28,12101034,12048636,12012302
1920m11,-110.6,-.32,12048636,12012302,12009472
1920m12,-108.5,-.47,12012302,12009472,11989994
1921m1,-108.4,-.05,12009472,11989994,11947604
1921m2,-105.3,-.18,11989994,11947604,12011345
1921m3,-103.9,-.17,11947604,12011345,12049385
1921m4,-102.5,-.19,12011345,12049385,12009973
1921m5,-100.5,-.23,12049385,12009973,11713520
1921m6,-101.9,-.17,12009973,11713520,11636134
1921m7,-103.5,-.03,11713520,11636134,11854132
1921m8,-109.7,-.29,11636134,11854132,11903424
1921m9,-112.6,-.22,11854132,11903424,11973869
1921m10,-111.5,-.11,11903424,11973869,11987142
1921m11,-112,-.19,11973869,11987142,11962103
1921m12,-107.8,-.2,11987142,11962103,11921287
1922m1,-109.4,-.33,11962103,11921287,11934164
1922m2,-105.1,-.39,11921287,11934164,11886881
1922m3,-106.4,-.22,11934164,11886881,11814049
1922m4,-105.4,-.28,11886881,11814049,11781680
1922m5,-104.3,-.33,11814049,11781680,11669983
1922m6,-104.6,-.28,11781680,11669983,11710566
1922m7,-109.7,-.18,11669983,11710566,11748083
1922m8,-113.1,-.29,11710566,11748083,11923741
1922m9,-114.8,-.33,11748083,11923741,11941089
1922m10,-110.9,-.28,11923741,11941089,11959625
1922m11,-105,-.19,11941089,11959625,11309179
1922m12,-101.6,-.22,11959625,11309179,11741492
1923m1,-103,-.27,11309179,11741492,11674581
1923m2,-107.6,-.29,11741492,11674581,11629280
1923m3,-106.3,-.26,11674581,11629280,11827002
1923m4,-102,-.39,11629280,11827002,11969909
1923m5,-97.7,-.39,11827002,11969909,11977586
1923m6,-100.3,-.25,11969909,11977586,11604394
1923m7,-105.9,-.3,11977586,11604394,11665186
1923m8,-108.9,-.33,11604394,11665186,11790614
1923m9,-108.9,-.29,11665186,11790614,11857854
1923m10,-108.1,-.11,11790614,11857854,11838986
1923m11,-112.3,0,11857854,11838986,11882734
1923m12,-115.1,-.05,11838986,11882734,11884230
1924m1,-116.4,-.24,11882734,11884230,11813779
1924m2,-111.1,-.27,11884230,11813779,12037463
1924m3,-111.8,-.12,11813779,12037463,11949083
1924m4,-110.2,-.35,12037463,11949083,11934414
1924m5,-113.6,-.25,11949083,11934414,11408895
1924m6,-113.7,-.24,11934414,11408895,11841053
1924m7,-115.2,-.22,11408895,11841053,12168773
1924m8,-114.5,-.24,11841053,12168773,11983026
1924m9,-114,-.27,12168773,11983026,11804520
1924m10,-114.1,-.27,11983026,11804520,11810794
1924m11,-115.4,-.16,11804520,11810794,11792032
1924m12,-113.6,-.35,11810794,11792032,11695571
1925m1,-110.7,-.34,11792032,11695571,11808521
1925m2,-109,-.29,11695571,11808521,11575348
1925m3,-110.9,-.2,11808521,11575348,11607988
1925m4,-113.7,-.21,11575348,11607988,11556932
1925m5,-113.2,-.27,11607988,11556932,11337523
1925m6,-113.4,-.32,11556932,11337523,11659084
1925m7,-113.7,-.24,11337523,11659084,11684016
1925m8,-114.7,-.17,11659084,11684016,11703492
1925m9,-113.4,-.2,11684016,11703492,11821961
1925m10,-111.3,-.24,11703492,11821961,11858233
1925m11,-109.3,-.04,11821961,11858233,11892858
1925m12,-105.8,.12,11858233,11892858,11907455
1926m1,-109.7,.17,11892858,11907455,11890448
1926m2,-110.6,.11,11907455,11890448,11969343
1926m3,-113.8,.2,11890448,11969343,11926620
1926m4,-110.7,-.12,11969343,11926620,11955645
1926m5,-108.7,-.17,11926620,11955645,12425469
1926m6,-106.1,-.19,11955645,12425469,12077080
1926m7,-102.9,-.13,12425469,12077080,11951022
1926m8,-96.3,-.03,12077080,11951022,11791962
1926m9,-95.59999999999999,-.07,11951022,11791962,11971294
1926m10,-94.7,-.03,11791962,11971294,11924238
1926m11,-104.2,-.09,11971294,11924238,12024463
1926m12,-107.8,-.23,11924238,12024463,12014416
1927m1,-111.8,-.21,12024463,12014416,11960883
1927m2,-107.5,-.08,12014416,11960883,12037071
1927m3,-105.6,-.33,11960883,12037071,12030661
1927m4,-103.3,-.27,12037071,12030661,12416528
1927m5,-103.7,-.24,12030661,12416528,12413517
1927m6,-102.9,-.2,12416528,12413517,11817997
1927m7,-104.7,-.11,12413517,11817997,11627535
1927m8,-102.1,-.2,11817997,11627535,11811899
1927m9,-108,-.11,11627535,11811899,11925229
1927m10,-105.3,0,11811899,11925229,11982041
1927m11,-109.1,-.04,11925229,11982041,11906427
1927m12,-109.9,-.33,11982041,11906427,11924874
1928m1,-116.1,0,11906427,11924874,11905817
1928m2,-116,-.04,11924874,11905817,11857891
1928m3,-114.1,-.21,11905817,11857891,12102864
1928m4,-108.8,-.28,11857891,12102864,11856772
1928m5,-107.3,-.27,12102864,11856772,12007197
1928m6,-104.7,-.31,11856772,12007197,11999883
1928m7,-104.4,-.13,12007197,11999883,12047375
1928m8,-104,-.19,11999883,12047375,12162838
1928m9,-104.5,-.14,12047375,12162838,11996286
1928m10,-109.6,-.15,12162838,11996286,11975048
1928m11,-114,-.03,11996286,11975048,11968076
1928m12,-117.1,-.11,11975048,11968076,11918939
1929m1,-119.2,-.35,11968076,11918939,12022784
1929m2,-114.2,-.46,11918939,12022784,12058928
1929m3,-111.7,-.27,12022784,12058928,12233137
1929m4,-105.8,-.33,12058928,12233137,12214784
1929m5,-108.3,-.33,12233137,12214784,12020519
1929m6,-104.5,-.35,12214784,12020519,12301285
1929m7,-104.4,-.3,12020519,12301285,12030685
1929m8,-104.8,-.27,12301285,12030685,12017670
1929m9,-105.4,-.23,12030685,12017670,11906041
1929m10,-107.8,-.11,12017670,11906041,11864642
1929m11,-107.6,-.05,11906041,11864642,11821044
1929m12,-110.5,-.45,11864642,11821044,11879700
1930m1,-109.2,-.19,11821044,11879700,11917434
1930m2,-110.7,-.17,11879700,11917434,11877050
1930m3,-110.7,-.06,11917434,11877050,11630028
1930m4,-112.7,-.19,11877050,11630028,11580084
1930m5,-111.1,-.21,11630028,11580084,11596158
1930m6,-104.1,-.18,11580084,11596158,11523768
1930m7,-96.59999999999999,-.13,11596158,11523768,11722170
1930m8,-94.5,-.06,11523768,11722170,11692852
1930m9,-96.90000000000001,-.12,11722170,11692852,11825105
1930m10,-99.90000000000001,-.1,11692852,11825105,11866855
1930m11,-104,.14,11825105,11866855,11947130
1930m12,-106.2,-.05,11866855,11947130,11888492
1931m1,-105.3,-.03,11947130,11888492,11767427
1931m2,-107.5,-.19,11888492,11767427,11804814
1931m3,-105,-.04,11767427,11804814,11421461
1931m4,-106.9,-.16,11804814,11421461,11453579
1931m5,-104.8,-.12,11421461,11453579,11671377
1931m6,-104.3,.01,11453579,11671377,12102623
1931m7,-100.3,.09,11671377,12102623,11854083
1931m8,-102.1,.01,12102623,11854083,11884465
1931m9,-104.4,-.1,11854083,11884465,11842135
1931m10,-107.4,.03,11884465,11842135,11857413
1931m11,-108.3,-.04,11842135,11857413,11956188
1931m12,-104.9,-.02,11857413,11956188,11945181
1932m1,-102.5,.13,11956188,11945181,11953560
1932m2,-99.2,-.16,11945181,11953560,11969770
1932m3,-100.2,-.15,11953560,11969770,12025336
1932m4,-98.90000000000001,-.06,11969770,12025336,12140833
1932m5,-100.6,-.15,12025336,12140833,12003831
1932m6,-100.7,-.23,12140833,12003831,11889206
1932m7,-99.90000000000001,-.15,12003831,11889206,11489679
1932m8,-101.3,-.13,11889206,11489679,11795200
1932m9,-98.7,-.01,11489679,11795200,11865626
1932m10,-99.09999999999999,-.01,11795200,11865626,11888894
1932m11,-96.59999999999999,-.19,11865626,11888894,11685993
1932m12,-95.5,-.19,11888894,11685993,11764863
1933m1,-92.2,-.26,11685993,11764863,11712775
1933m2,-91.40000000000001,-.23,11764863,11712775,11549618
1933m3,-90.8,-.22,11712775,11549618,11502476
1933m4,-91,-.2,11549618,11502476,11423948
1933m5,-93.59999999999999,-.19,11502476,11423948,11846726
1933m6,-92.90000000000001,-.22,11423948,11846726,11718709
1933m7,-97.40000000000001,-.11,11846726,11718709,11644717
1933m8,-96.09999999999999,-.14,11718709,11644717,11761916
1933m9,-97.40000000000001,-.22,11644717,11761916,11884989
1933m10,-97.09999999999999,-.18,11761916,11884989,11971122
1933m11,-100.6,-.29,11884989,11971122,12050206
1933m12,-100.6,-.44,11971122,12050206,12112435
1934m1,-99.90000000000001,-.2,12050206,12112435,12065446
1934m2,-97.5,-.02,12112435,12065446,12217441
1934m3,-95.09999999999999,-.28,12065446,12217441,12316936
1934m4,-96.2,-.27,12217441,12316936,12695416
1934m5,-97.09999999999999,-.09,12316936,12695416,12621059
1934m6,-101.1,-.1,12695416,12621059,12043958
1934m7,-101.7,-.05,12621059,12043958,12355232
1934m8,-105.7,-.08,12043958,12355232,12296090
1934m9,-104.2,-.18,12355232,12296090,12197293
1934m10,-106.9,-.04,12296090,12197293,12062147
1934m11,-101,.06,12197293,12062147,12127572
1934m12,-98.90000000000001,-.01,12062147,12127572,12125559
1935m1,-93.90000000000001,-.3,12127572,12125559,12329610
1935m2,-91.7,.2,12125559,12329610,12147091
1935m3,-91.3,-.07,12329610,12147091,12243188
1935m4,-90.09999999999999,-.3,12147091,12243188,12378383
1935m5,-93.40000000000001,-.28,12243188,12378383,12325118
1935m6,-92.7,-.19,12378383,12325118,12234215
1935m7,-93.7,-.15,12325118,12234215,12116548
1935m8,-94.5,-.16,12234215,12116548,12083961
1935m9,-96.8,-.17,12116548,12083961,12010774
1935m10,-99.7,-.02,12083961,12010774,12026431
1935m11,-101.2,-.25,12010774,12026431,12010761
1935m12,-99.40000000000001,-.16,12026431,12010761,11891424
1936m1,-95.5,-.23,12010761,11891424,11839476
1936m2,-93.09999999999999,-.31,11891424,11839476,11980808
1936m3,-97.59999999999999,-.17,11839476,11980808,12002583
1936m4,-100.9,-.14,11980808,12002583,11962162
1936m5,-102.8,-.12,12002583,11962162,12053021
1936m6,-100.3,-.1,11962162,12053021,11909816
1936m7,-101.3,.08,12053021,11909816,11689053
1936m8,-99.3,-.02,11909816,11689053,11929515
1936m9,-102,-.05,11689053,11929515,12016549
1936m10,-97.7,.02,11929515,12016549,11978184
1936m11,-99,.04,12016549,11978184,11980100
1936m12,-96,.07,11978184,11980100,11950739
1937m1,-97.3,-.01,11980100,11950739,12074282
1937m2,-92.3,.17,11950739,12074282,12335578
1937m3,-93.90000000000001,-.1,12074282,12335578,12488174
1937m4,-91.90000000000001,-.12,12335578,12488174,12093535
1937m5,-93.3,-.01,12488174,12093535,12069596
1937m6,-95.3,.02,12093535,12069596,12073855
1937m7,-95,.06,12069596,12073855,12113993
1937m8,-95.8,.07,12073855,12113993,12014484
1937m9,-92.3,.16,12113993,12014484,11916538
1937m10,-91.8,.12,12014484,11916538,11997333
1937m11,-89.90000000000001,.16,11916538,11997333,11932423
1937m12,-88.3,-.05,11997333,11932423,12042540
1938m1,-86.09999999999999,.12,11932423,12042540,11860047
1938m2,-84.8,.07,12042540,11860047,11739994
1938m3,-84.3,.2,11860047,11739994,11756094
1938m4,-86.40000000000001,.18,11739994,11756094,12066569
1938m5,-92.09999999999999,.06,11756094,12066569,11480145
1938m6,-95.2,-.05,12066569,11480145,11499736
1938m7,-99.7,.05,11480145,11499736,11571189
1938m8,-96.2,.04,11499736,11571189,11758000
1938m9,-94.5,.1,11571189,11758000,11849151
1938m10,-89.09999999999999,.18,11758000,11849151,11827592
1938m11,-88.3,.13,11849151,11827592,11807472
1938m12,-89,-.12,11827592,11807472,11733683
1939m1,-88.40000000000001,-.03,11807472,11733683,11664682
1939m2,-92.8,-.05,11733683,11664682,11650310
1939m3,-90.2,-.17,11664682,11650310,11910780
1939m4,-88.09999999999999,-.08,11650310,11910780,11908472
1939m5,-82.8,-.04,11910780,11908472,12158789
1939m6,-76.09999999999999,-.03,11908472,12158789,12867519
1939m7,-76,.01,12158789,12867519,12439480
1939m8,-78.8,-.05,12867519,12439480,11974589
1939m9,-85.3,-.03,12439480,11974589,11962504
1939m10,-89.40000000000001,-.07,11974589,11962504,11858032
1939m11,-87.8,.02,11962504,11858032,11871949
1939m12,-87.59999999999999,.34,11858032,11871949,11806484
1940m1,-86.7,-.2,11871949,11806484,11665864
1940m2,-87.90000000000001,-.02,11806484,11665864,11518634
1940m3,-89.59999999999999,.02,11665864,11518634,11148984
1940m4,-94.3,.1,11518634,11148984,11039919
1940m5,-95,.02,11148984,11039919,11104370
1940m6,-99.40000000000001,.02,11039919,11104370,11027629
1940m7,-97.5,.15,11104370,11027629,11319764
1940m8,-94.59999999999999,-.04,11027629,11319764,11785464
1940m9,-90.59999999999999,.06,11319764,11785464,12077922
1940m10,-86.3,0,11785464,12077922,11917541
1940m11,-83.09999999999999,.05,12077922,11917541,11888409
1940m12,-82.09999999999999,.09,11917541,11888409,11923165
1941m1,-82.8,.07,11888409,11923165,12088338
1941m2,-79.59999999999999,.2,11923165,12088338,12096414
1941m3,-79.2,.02,12088338,12096414,12201563
1941m4,-77.8,.12,12096414,12201563,12256201
1941m5,-79.7,.07,12201563,12256201,12117420
1941m6,-79.7,.05,12256201,12117420,12070757
1941m7,-76.7,.09,12117420,12070757,11966603
1941m8,-72.3,0,12070757,11966603,11918498
1941m9,-72.8,-.15,11966603,11918498,11922221
1941m10,-76.2,.18,11918498,11922221,11875070
1941m11,-81.90000000000001,.1,11922221,11875070,11927690
1941m12,-82,.18,11875070,11927690,11962849
1942m1,-83.59999999999999,.19,11927690,11962849,12074510
1942m2,-82.59999999999999,-.1,11962849,12074510,12192612
1942m3,-83.90000000000001,-.02,12074510,12192612,12175122
1942m4,-84.40000000000001,-.01,12192612,12175122,12185348
1942m5,-83.2,.05,12175122,12185348,12065784
1942m6,-80.2,.02,12185348,12065784,12014162
1942m7,-76.8,-.01,12065784,12014162,11982280
1942m8,-73.8,-.03,12014162,11982280,11928774
1942m9,-71.90000000000001,0,11982280,11928774,11932177
1942m10,-72.8,.01,11928774,11932177,11916802
1942m11,-72.90000000000001,.01,11932177,11916802,11952473
1942m12,-75.3,.03,11916802,11952473,11982305
1943m1,-72.8,-.14,11952473,11982305,12127883
1943m2,-72,.1,11982305,12127883,12149005
1943m3,-72.5,-.09,12127883,12149005,11946745
1943m4,-72.7,.07,12149005,11946745,11901301
1943m5,-76.8,.15,11946745,11901301,11982879
1943m6,-76.59999999999999,0,11901301,11982879,11898579
1943m7,-80.7,.13,11982879,11898579,11950649
1943m8,-81.2,.05,11898579,11950649,11942306
1943m9,-82.59999999999999,.03,11950649,11942306,11942727
1943m10,-83.3,.22,11942306,11942727,11957547
1943m11,-84.5,.16,11942727,11957547,11977913
1943m12,-85.09999999999999,.23,11957547,11977913,12008660
1944m1,-81.59999999999999,.34,11977913,12008660,12087323
1944m2,-75.5,.23,12008660,12087323,12044382
1944m3,-72.8,.19,12087323,12044382,12021220
1944m4,-77.40000000000001,.09,12044382,12021220,11901163
1944m5,-84.7,.19,12021220,11901163,11886595
1944m6,-90.5,.11,11901163,11886595,11736431
1944m7,-93.3,.17,11886595,11736431,11876836
1944m8,-93.5,.14,11736431,11876836,11945634
1944m9,-91.59999999999999,.25,11876836,11945634,11966219
1944m10,-88.59999999999999,.22,11945634,11966219,11980871
1944m11,-84.90000000000001,.14,11966219,11980871,12030129
1944m12,-83.7,.1,11980871,12030129,12077680
1945m1,-82.7,.15,12030129,12077680,12009438
1945m2,-83,.1,12077680,12009438,11908555
1945m3,-83.8,.11,12009438,11908555,11797302
1945m4,-82.5,.16,11908555,11797302,11855727
1945m5,-81.2,0,11797302,11855727,11768236
1945m6,-77.2,-.03,11855727,11768236,11533704
1945m7,-81.2,.01,11768236,11533704,11770014
1945m8,-81.40000000000001,.13,11533704,11770014,11959472
1945m9,-85.7,-.02,11770014,11959472,12055300
1945m10,-83.2,.07,11959472,12055300,12063655
1945m11,-82.90000000000001,.05,12055300,12063655,12165378
1945m12,-79.59999999999999,-.11,12063655,12165378,12202412
1946m1,-80.7,.11,12165378,12202412,12164354
1946m2,-76.8,.05,12202412,12164354,12297664
1946m3,-77.59999999999999,-.05,12164354,12297664,12498372
1946m4,-73.7,.05,12297664,12498372,12493002
1946m5,-71.2,-.09,12498372,12493002,12784313
1946m6,-68.2,-.16,12493002,12784313,12863964
1946m7,-66.90000000000001,-.05,12784313,12863964,12539586
1946m8,-69.40000000000001,-.21,12863964,12539586,12193483
1946m9,-73.3,-.05,12539586,12193483,12240132
1946m10,-76.8,-.06,12193483,12240132,12274264
1946m11,-79.40000000000001,-.05,12240132,12274264,12143616
1946m12,-80.09999999999999,-.29,12274264,12143616,12106697
1947m1,-80.7,-.05,12143616,12106697,12172402
1947m2,-78.5,-.02,12106697,12172402,12306754
1947m3,-75.90000000000001,.13,12172402,12306754,12162118
1947m4,-78.2,.04,12306754,12162118,11823091
1947m5,-77.59999999999999,-.04,12162118,11823091,12174085
1947m6,-75.59999999999999,-.09,11823091,12174085,12362942
1947m7,-72.90000000000001,-.04,12174085,12362942,12547347
1947m8,-70.3,-.05,12362942,12547347,12365098
1947m9,-66.90000000000001,-.08,12547347,12365098,12285094
1947m10,-62.4,.11,12365098,12285094,12291043
1947m11,-57.7,.11,12285094,12291043,12352464
1947m12,-59.4,-.13,12291043,12352464,12417284
1948m1,-62.3,.12,12352464,12417284,12433175
1948m2,-66.8,-.1,12417284,12433175,12357926
1948m3,-68.90000000000001,-.1,12433175,12357926,12449479
1948m4,-68.90000000000001,-.06,12357926,12449479,12443738
1948m5,-67.59999999999999,.03,12449479,12443738,12364651
1948m6,-67.7,.03,12443738,12364651,12437774
1948m7,-66.09999999999999,-.11,12364651,12437774,12405230
1948m8,-68.09999999999999,-.09,12437774,12405230,12301528
1948m9,-66.7,-.09,12405230,12301528,12351601
1948m10,-67.09999999999999,-.01,12301528,12351601,12363829
1948m11,-65.2,-.06,12351601,12363829,12385690
1948m12,-64,-.22,12363829,12385690,12412923
1949m1,-62.4,.13,12385690,12412923,12558492
1949m2,-62,-.17,12412923,12558492,12668132
1949m3,-65.59999999999999,-.02,12558492,12668132,12672631
1949m4,-68.2,-.1,12668132,12672631,12672254
1949m5,-70.3,-.1,12672631,12672254,12739342
1949m6,-70.59999999999999,-.22,12672254,12739342,12612994
1949m7,-71.7,-.11,12739342,12612994,12542642
1949m8,-70.40000000000001,-.06,12612994,12542642,12432233
1949m9,-71.8,-.06,12542642,12432233,12391433
1949m10,-68.09999999999999,-.02,12432233,12391433,12382984
1949m11,-67.59999999999999,-.07,12391433,12382984,12368443
1949m12,-66.09999999999999,-.11,12382984,12368443,12352249
1950m1,-68,-.26,12368443,12352249,12282989
1950m2,-69.2,-.29,12352249,12282989,12352612
1950m3,-69.3,-.03,12282989,12352612,11977236
1950m4,-67.2,-.19,12352612,11977236,12485584
1950m5,-66.7,-.15,11977236,12485584,12744301
1950m6,-66.3,-.07,12485584,12744301,12670819
1950m7,-66.90000000000001,-.1,12744301,12670819,12342609
1950m8,-67.59999999999999,-.2,12670819,12342609,12465553
1950m9,-65.90000000000001,-.13,12342609,12465553,12401255
1950m10,-63.1,-.18,12465553,12401255,12340968
1950m11,-60.3,-.3,12401255,12340968,12341661
1950m12,-57.9,-.12,12340968,12341661,12322216
1951m1,-59.3,-.33,12341661,12322216,12142857
1951m2,-55.3,-.41,12322216,12142857,12190451
1951m3,-50,-.19,12142857,12190451,12421195
1951m4,-49.4,-.1,12190451,12421195,12505849
1951m5,-49.1,0,12421195,12505849,12797092
1951m6,-54.2,-.05,12505849,12797092,13028120
1951m7,-57.8,-.03,12797092,13028120,12702665
1951m8,-61.4,.1,13028120,12702665,12461980
1951m9,-60.1,.07,12702665,12461980,12499490
1951m10,-60,.12,12461980,12499490,12438075
1951m11,-58.2,.01,12499490,12438075,12214587
1951m12,-60,.15,12438075,12214587,12203476
1952m1,-60.6,.13,12214587,12203476,12142998
1952m2,-61.1,.12,12203476,12142998,12313752
1952m3,-62.8,-.09,12142998,12313752,12600784
1952m4,-62.6,.04,12313752,12600784,12488848
1952m5,-62,-.02,12600784,12488848,12585821
1952m6,-59.5,.02,12488848,12585821,13249930
1952m7,-60.6,.05,12585821,13249930,12903302
1952m8,-59.8,.08,13249930,12903302,12518607
1952m9,-57.5,.06,12903302,12518607,12318439
1952m10,-56.2,-.05,12518607,12318439,12283418
1952m11,-51.6,-.15,12318439,12283418,12242529
1952m12,-51.1,-.05,12283418,12242529,12080812
1953m1,-51.5,.09,12242529,12080812,12146145
1953m2,-54.4,.17,12080812,12146145,11940517
1953m3,-56.2,.14,12146145,11940517,11583487
1953m4,-54.2,.17,11940517,11583487,11628749
1953m5,-50.9,.06,11583487,11628749,11534761
1953m6,-48.3,.03,11628749,11534761,11152759
1953m7,-50.8,.03,11534761,11152759,11488474
1953m8,-53.4,.08,11152759,11488474,12169565
1953m9,-56,.08,11488474,12169565,11930890
1953m10,-58.2,.08,12169565,11930890,11877570
1953m11,-58.9,.01,11930890,11877570,12113731
1953m12,-59.6,.13,11877570,12113731,11998526
1954m1,-57.4,-.19,12113731,11998526,11918031
1954m2,-56,-.05,11998526,11918031,11876549
1954m3,-55.3,-.09,11918031,11876549,11566438
1954m4,-57.6,-.11,11876549,11566438,11591088
1954m5,-57.3,-.18,11566438,11591088,11634063
1954m6,-60.2,-.14,11591088,11634063,11231960
1954m7,-62.8,-.23,11634063,11231960,11669296
1954m8,-63.6,-.19,11231960,11669296,11685956
1954m9,-61.3,-.14,11669296,11685956,11807669
1954m10,-56.4,-.04,11685956,11807669,11759123
1954m11,-51.2,.11,11807669,11759123,11689173
1954m12,-48.9,-.13,11759123,11689173,11808047
1955m1,-47.2,.18,11689173,11808047,11926885
1955m2,-47.5,-.15,11808047,11926885,11822968
1955m3,-50.8,-.31,11926885,11822968,11942505
1955m4,-54.9,-.17,11822968,11942505,11893572
1955m5,-59.6,-.2,11942505,11893572,11785731
1955m6,-62.6,-.14,11893572,11785731,11826833
1955m7,-64.7,-.08,11785731,11826833,11895392
1955m8,-61.5,.1,11826833,11895392,11911284
1955m9,-60.4,-.09,11895392,11911284,11685271
1955m10,-55.9,0,11911284,11685271,11851094
1955m11,-55.4,-.23,11685271,11851094,11667631
1955m12,-56,-.29,11851094,11667631,11755418
1956m1,-57,-.17,11667631,11755418,11803381
1956m2,-60.6,-.25,11755418,11803381,11893453
1956m3,-59.8,-.23,11803381,11893453,11997187
1956m4,-56.9,-.22,11893453,11997187,12009919
1956m5,-56.9,-.24,11997187,12009919,11999628
1956m6,-58.4,-.15,12009919,11999628,11892183
1956m7,-63.3,-.1,11999628,11892183,11977735
1956m8,-64.5,-.26,11892183,11977735,11959046
1956m9,-65.2,-.15,11977735,11959046,12007936
1956m10,-65.59999999999999,-.22,11959046,12007936,12184210
1956m11,-65.7,-.18,12007936,12184210,11950325
1956m12,-64.3,-.08,12184210,11950325,11831609
1957m1,-59.7,-.06,11950325,11831609,11633866
1957m2,-51.5,.02,11831609,11633866,11530218
1957m3,-47.3,.01,11633866,11530218,11109044
1957m4,-45.6,.09,11530218,11109044,11500981
1957m5,-43.9,.11,11109044,11500981,11741334
1957m6,-43.8,.18,11500981,11741334,11726231
1957m7,-44.1,.03,11741334,11726231,11567148
1957m8,-47.2,.15,11726231,11567148,11895105
1957m9,-48,.07,11567148,11895105,11995825
1957m10,-49.1,.04,11895105,11995825,11832338
1957m11,-47.9,.14,11995825,11832338,11849184
1957m12,-48.9,.17,11832338,11849184,11959055
1958m1,-46.9,.42,11849184,11959055,11424541
1958m2,-47.4,.24,11959055,11424541,11398462
1958m3,-47.3,.15,11424541,11398462,11148209
1958m4,-49.8,.04,11398462,11148209,11589766
1958m5,-49.3,.07,11148209,11589766,11398282
1958m6,-49.4,-.09,11589766,11398282,11556433
1958m7,-48.2,.07,11398282,11556433,11529181
1958m8,-47.6,-.02,11556433,11529181,11591807
1958m9,-46.3,-.03,11529181,11591807,12025852
1958m10,-44,.05,11591807,12025852,11722208
1958m11,-42.6,.05,12025852,11722208,11802349
1958m12,-41.7,.05,11722208,11802349,11961406
1959m1,-43.8,.11,11802349,11961406,12083164
1959m2,-47.1,.11,11961406,12083164,12131131
1959m3,-49.2,.21,12083164,12131131,12033192
1959m4,-48.5,.17,12131131,12033192,11929553
1959m5,-48.1,.1,12033192,11929553,11961017
1959m6,-46.7,.07,11929553,11961017,11857041
1959m7,-46.4,.07,11961017,11857041,11721537
1959m8,-44,.01,11857041,11721537,11666584
1959m9,-45,-.08,11721537,11666584,11592597
1959m10,-43.4,-.04,11666584,11592597,11714431
1959m11,-47.8,-.08,11592597,11714431,11503883
1959m12,-47,.04,11714431,11503883,11409276
1960m1,-47.3,.01,11503883,11409276,11376891
1960m2,-43.3,.18,11409276,11376891,11405239
1960m3,-43.5,-.31,11376891,11405239,11364029
1960m4,-41.5,-.14,11405239,11364029,11398731
1960m5,-40.9,-.06,11364029,11398731,11336596
1960m6,-41.3,-.04,11398731,11336596,11249544
1960m7,-42.5,-.01,11336596,11249544,11424400
1960m8,-43.3,.05,11249544,11424400,11426261
1960m9,-43.8,.05,11424400,11426261,11355969
1960m10,-43.1,.05,11426261,11355969,11263267
1960m11,-42.3,-.09,11355969,11263267,11517380
1960m12,-39.2,.19,11263267,11517380,11559480
1961m1,-36.4,.04,11517380,11559480,11521390
1961m2,-31.6,.2,11559480,11521390,11669168
1961m3,-31.2,.1,11521390,11669168,11508515
1961m4,-30.8,.11,11669168,11508515,11383874
1961m5,-33.2,.21,11508515,11383874,11457862
1961m6,-35.3,.13,11383874,11457862,11615233
1961m7,-36.2,0,11457862,11615233,11281896
1961m8,-37.2,.03,11615233,11281896,11352090
1961m9,-38.4,.07,11281896,11352090,11497428
1961m10,-41.5,.05,11352090,11497428,11439402
1961m11,-43.5,.05,11497428,11439402,11273747
1961m12,-42.6,-.15,11439402,11273747,11233711
1962m1,-42.7,.05,11273747,11233711,11431304
1962m2,-41.2,.17,11233711,11431304,11495912
1962m3,-42.5,.12,11431304,11495912,11535305
1962m4,-43,.11,11495912,11535305,11440295
1962m5,-43.8,-.1,11535305,11440295,11413092
1962m6,-43.5,.08,11440295,11413092,11437090
1962m7,-45,-.04,11413092,11437090,11496059
1962m8,-42.1,-.06,11437090,11496059,11704709
1962m9,-40.7,.03,11496059,11704709,11599266
1962m10,-37.5,0,11704709,11599266,11648580
1962m11,-38.5,.07,11599266,11648580,11707474
1962m12,-40.1,0,11648580,11707474,11802585
1963m1,-38.9,.01,11707474,11802585,11842817
1963m2,-39.1,.2,11802585,11842817,11868639
1963m3,-39.2,-.14,11842817,11868639,11793190
1963m4,-41.2,-.08,11868639,11793190,11896429
1963m5,-42.6,-.04,11793190,11896429,11909389
1963m6,-44.1,.06,11896429,11909389,11652280
1963m7,-45.4,.14,11909389,11652280,11784372
1963m8,-46.7,.26,11652280,11784372,11485308
1963m9,-44.3,.23,11784372,11485308,11597182
1963m10,-45.5,.09,11485308,11597182,11628522
1963m11,-43.7,.14,11597182,11628522,11958962
1963m12,-49.2,.03,11628522,11958962,11692751
1964m1,-53.4,-.04,11958962,11692751,11635660
1964m2,-57.7,-.09,11692751,11635660,11642033
1964m3,-58.6,-.27,11635660,11642033,11687744
1964m4,-59.1,-.33,11642033,11687744,11736914
1964m5,-54.6,-.27,11687744,11736914,11948250
1964m6,-49.2,-.04,11736914,11948250,11832496
1964m7,-45.2,-.05,11948250,11832496,11729185
1964m8,-45,-.24,11832496,11729185,11693046
1964m9,-46.9,-.37,11729185,11693046,11499128
1964m10,-49.7,-.3,11693046,11499128,11598799
1964m11,-49.2,-.21,11499128,11598799,11661523
1964m12,-46.1,-.3,11598799,11661523,11701126
1965m1,-41.7,-.1,11661523,11701126,11724598
1965m2,-37.2,-.18,11701126,11724598,11698674
1965m3,-39.2,-.1,11724598,11698674,11832923
1965m4,-42.4,-.19,11698674,11832923,11922366
1965m5,-46,-.06,11832923,11922366,11779273
1965m6,-45.1,-.11,11922366,11779273,12071838
1965m7,-41.9,-.21,11779273,12071838,12115806
1965m8,-38.4,-.06,12071838,12115806,12170431
1965m9,-35,-.18,12115806,12170431,12412257
1965m10,-36.6,-.07,12170431,12412257,12179941
1965m11,-37.1,-.08,12412257,12179941,11662273
1965m12,-38.7,-.06,12179941,11662273,11738122
1966m1,-39.3,-.17,11662273,11738122,11855873
1966m2,-41.3,-.01,11738122,11855873,12005739
1966m3,-43.8,.1,11855873,12005739,11931638
1966m4,-45.9,-.11,12005739,11931638,11792462
1966m5,-47,-.06,11931638,11792462,12091318
1966m6,-47.3,-.02,11792462,12091318,12172325
1966m7,-45.5,.11,12091318,12172325,11817918
1966m8,-45.1,-.05,12172325,11817918,11742338
1966m9,-45.1,.01,11817918,11742338,11528579
1966m10,-46.5,-.15,11742338,11528579,11627382
1966m11,-49.9,0,11528579,11627382,11499550
1966m12,-47.7,-.03,11627382,11499550,11510885
1967m1,-48.9,-.07,11499550,11510885,11490777
1967m2,-48.6,-.24,11510885,11490777,11449312
1967m3,-50.9,.08,11490777,11449312,11507891
1967m4,-49.3,-.03,11449312,11507891,11582637
1967m5,-47.8,.12,11507891,11582637,11863373
1967m6,-43,-.06,11582637,11863373,10805358
1967m7,-42.4,.06,11863373,10805358,12265689
1967m8,-40.4,.01,10805358,12265689,12001535
1967m9,-40.1,0,12265689,12001535,11846047
1967m10,-39.4,.11,12001535,11846047,11677705
1967m11,-38.8,-.01,11846047,11677705,12054757
1967m12,-38.5,-.01,11677705,12054757,11716237
1968m1,-38,-.22,12054757,11716237,11373983
1968m2,-40.4,-.14,11716237,11373983,11662308
1968m3,-46.4,.26,11373983,11662308,11808508
1968m4,-51.4,-.04,11662308,11808508,11900470
1968m5,-55.1,-.09,11808508,11900470,11499907
1968m6,-53.7,-.01,11900470,11499907,11376879
1968m7,-49.3,-.07,11499907,11376879,10896505
1968m8,-41.9,-.04,11376879,10896505,11597406
1968m9,-38,-.13,10896505,11597406,11782327
1968m10,-34.4,.13,11597406,11782327,11980246
1968m11,-34.1,-.03,11782327,11980246,11789271
1968m12,-35.8,-.12,11980246,11789271,11806532
1969m1,-34.2,-.06,11789271,11806532,11913122
1969m2,-35.6,-.09,11806532,11913122,11985020
1969m3,-34.6,-.03,11913122,11985020,11946653
1969m4,-35.8,.19,11985020,11946653,12021622
1969m5,-37,.13,11946653,12021622,11867413
1969m6,-37.5,.13,12021622,11867413,12183230
1969m7,-39.5,-.03,11867413,12183230,12009250
1969m8,-37.3,0,12183230,12009250,11611876
1969m9,-36.3,.09,12009250,11611876,11562556
1969m10,-34.9,.15,11611876,11562556,11548457
1969m11,-36.3,.16,11562556,11548457,11553362
1969m12,-37.8,.31,11548457,11553362,11742064
1970m1,-37.2,.09,11553362,11742064,11384791
1970m2,-36,.23,11742064,11384791,11391414
1970m3,-36.6,.1,11384791,11391414,11199340
1970m4,-39.5,.04,11391414,11199340,11525113
1970m5,-39.7,-.04,11199340,11525113,11693390
1970m6,-39.4,-.01,11525113,11693390,11736876
1970m7,-41,-.01,11693390,11736876,12000437
1970m8,-40.3,-.13,11736876,12000437,11987211
1970m9,-40.8,.12,12000437,11987211,12103372
1970m10,-37.1,.04,11987211,12103372,11657176
1970m11,-37,.04,12103372,11657176,11591285
1970m12,-35.5,-.12,11657176,11591285,11718694
1971m1,-33.3,-.02,11591285,11718694,11767781
1971m2,-30.1,-.2,11718694,11767781,11693107
1971m3,-29.1,-.21,11767781,11693107,11912110
1971m4,-29.8,-.11,11693107,11912110,11944648
1971m5,-33.6,-.1,11912110,11944648,11734932
1971m6,-36.1,-.2,11944648,11734932,9906810
1971m7,-36.9,-.11,11734932,9906810,11091656
1971m8,-34.9,-.03,9906810,11091656,11194608
1971m9,-31.5,-.01,11091656,11194608,11476220
1971m10,-31.9,-.04,11194608,11476220,12079200
1971m11,-34.3,-.07,11476220,12079200,12099253
1971m12,-36,-.11,12079200,12099253,11941774
1972m1,-32.4,-.25,12099253,11941774,11815160
1972m2,-27.6,-.2,11941774,11815160,11667450
1972m3,-23.7,-.03,11815160,11667450,11695051
1972m4,-23,-.01,11667450,11695051,11727751
1972m5,-21,-.02,11695051,11727751,11832876
1972m6,-18.6,.06,11727751,11832876,11697364
1972m7,-17.5,0,11832876,11697364,11501372
1972m8,-21.5,.21,11697364,11501372,11533420
1972m9,-24.1,.04,11501372,11533420,11514214
1972m10,-26.3,.05,11533420,11514214,11663214
1972m11,-25.3,-.01,11514214,11663214,11401371
1972m12,-26.9,.19,11663214,11401371,11326900
1973m1,-31.6,.25,11401371,11326900,11426728
1973m2,-32,.29,11326900,11426728,11452043
1973m3,-33,.26,11426728,11452043,11232904
1973m4,-30.1,.25,11452043,11232904,10980808
1973m5,-32.2,.24,11232904,10980808,11209318
1973m6,-31.1,.16,10980808,11209318,11343147
1973m7,-32.8,.11,11209318,11343147,11208162
1973m8,-32.8,.01,11343147,11208162,11320268
1973m9,-32.9,.08,11208162,11320268,11051594
1973m10,-30,.13,11320268,11051594,10830567
1973m11,-23.1,.04,11051594,10830567,10798716
1973m12,-18.3,-.08,10830567,10798716,10893555
1974m1,-13.8,-.14,10798716,10893555,11032038
1974m2,-14.9,-.25,10893555,11032038,11166798
1974m3,-16,-.04,11032038,11166798,11320840
1974m4,-15.8,-.11,11166798,11320840,11434524
1974m5,-16.1,-.03,11320840,11434524,11454725
1974m6,-16.7,-.04,11434524,11454725,11450946
1974m7,-18.8,-.02,11454725,11450946,11593998
1974m8,-20.5,.11,11450946,11593998,11467864
1974m9,-21.4,-.09,11593998,11467864,11416169
1974m10,-22.2,-.06,11467864,11416169,11409020
1974m11,-21,-.1,11416169,11409020,11374401
1974m12,-20.2,-.1,11409020,11374401,11358019
1975m1,-19.5,.03,11374401,11358019,11344645
1975m2,-18.6,.02,11358019,11344645,11223151
1975m3,-17.1,.12,11344645,11223151,11129968
1975m4,-18.4,-.02,11223151,11129968,11109556
1975m5,-19.7,.19,11129968,11109556,10975372
1975m6,-21.8,-.01,11109556,10975372,11104721
1975m7,-21.8,-.02,10975372,11104721,11376686
1975m8,-20.4,-.21,11104721,11376686,11399955
1975m9,-19.7,-.05,11376686,11399955,11313072
1975m10,-19.1,-.09,11399955,11313072,11320485
1975m11,-18.9,-.15,11313072,11320485,11345970
1975m12,-21.1,-.2,11320485,11345970,11272595
1976m1,-21.3,-.06,11345970,11272595,11259825
1976m2,-24.1,-.1,11272595,11259825,11321668
1976m3,-22.8,-.26,11259825,11321668,11370717
1976m4,-21.6,-.14,11321668,11370717,11414598
1976m5,-20.9,-.28,11370717,11414598,11620968
1976m6,-18.8,-.14,11414598,11620968,11604164
1976m7,-20,-.12,11620968,11604164,11462947
1976m8,-21.9,-.18,11604164,11462947,11502170
1976m9,-20.6,-.09,11462947,11502170,11795630
1976m10,-21,-.28,11502170,11795630,11542825
1976m11,-18.1,-.11,11795630,11542825,11226675
1976m12,-17.9,.01,11542825,11226675,11266696
1977m1,-19.3,.11,11226675,11266696,11503326
1977m2,-22,.16,11266696,11503326,11686791
1977m3,-23.8,.17,11503326,11686791,11478877
1977m4,-26,.21,11686791,11478877,11357892
1977m5,-25.5,.3,11478877,11357892,11307192
1977m6,-24.9,.24,11357892,11307192,11190028
1977m7,-23.9,.21,11307192,11190028,11151587
1977m8,-23.2,.18,11190028,11151587,11186979
1977m9,-22.2,-.03,11151587,11186979,11260613
1977m10,-21.5,-.03,11186979,11260613,11214739
1977m11,-19.4,.14,11260613,11214739,11269149
1977m12,-16.7,.03,11214739,11269149,11240996
1978m1,-14.1,.05,11269149,11240996,11178444
1978m2,-10.4,.1,11240996,11178444,11239357
1978m3,-11.4,.14,11178444,11239357,11202968
1978m4,-11.7,.1,11239357,11202968,11557618
1978m5,-15.4,.02,11202968,11557618,12147165
1978m6,-16.9,-.07,11557618,12147165,11900413
1978m7,-18.3,.07,12147165,11900413,11595480
1978m8,-16.7,-.2,11900413,11595480,11429031
1978m9,-16.4,.08,11595480,11429031,11253076
1978m10,-16.1,-.02,11429031,11253076,11159356
1978m11,-20.6,.09,11253076,11159356,10977145
1978m12,-23.6,.02,11159356,10977145,11002839
1979m1,-26.4,.08,10977145,11002839,10862585
1979m2,-25.3,-.16,11002839,10862585,10607867
1979m3,-24.2,.1,10862585,10607867,10586480
1979m4,-24.5,.12,10607867,10586480,10529776
1979m5,-25.9,-.03,10586480,10529776,10365143
1979m6,-25.5,.06,10529776,10365143,10423644
1979m7,-23.1,-.05,10365143,10423644,10436644
1979m8,-18.3,.11,10423644,10436644,10408513
1979m9,-15.7,.21,10436644,10408513,10520517
1979m10,-13.3,.19,10408513,10520517,10577603
1979m11,-15.6,.21,10520517,10577603,10657461
1979m12,-13.4,.41,10577603,10657461,10644226
1980m1,-13.6,.23,10657461,10644226,10680734
1980m2,-12.5,.3,10644226,10680734,10648067
1980m3,-14.5,.24,10680734,10648067,10503546
1980m4,-14.2,.27,10648067,10503546,10213469
1980m5,-14.5,.29,10503546,10213469,10356898
1980m6,-15.1,.11,10213469,10356898,10699249
1980m7,-17.6,.23,10356898,10699249,10785503
1980m8,-19.4,.19,10699249,10785503,10759204
1980m9,-19.4,.15,10785503,10759204,10830037
1980m10,-17.6,.11,10759204,10830037,10847436
1980m11,-12.4,.23,10830037,10847436,10752215
1980m12,-8.300000000000001,.1,10847436,10752215,10593187
1981m1,-6.2,.5,10752215,10593187,10490477
1981m2,-5.2,.38,10593187,10490477,10647855
1981m3,-3.4,.45,10490477,10647855,10639659
1981m4,-2.4,.25,10647855,10639659,10408754
1981m5,-1.1,.17,10639659,10408754,10047942
1981m6,-.6,.23,10408754,10047942,9987894
1981m7,-2.3,.3,10047942,9987894,10458750
1981m8,-1.5,.32,9987894,10458750,10585465
1981m9,-2.5,.13,10458750,10585465,10350166
1981m10,-.4,.06,10585465,10350166,10580617
1981m11,-1.3,.18,10350166,10580617,10840954
1981m12,-2.8,.29,10580617,10840954,10877808
1982m1,-6.6,.02,10840954,10877808,10903037
1982m2,-7.7,.1,10877808,10903037,10966530
1982m3,-9,-.09,10903037,10966530,10949973
1982m4,-11.5,0,10966530,10949973,10804224
1982m5,-11.9,.13,10949973,10804224,10777070
1982m6,-13.1,.02,10804224,10777070,10733413
1982m7,-14.2,.14,10777070,10733413,10423744
1982m8,-12.8,-.02,10733413,10423744,10695514
1982m9,-8.699999999999999,.03,10423744,10695514,10984197
1982m10,-3.1,.03,10695514,10984197,10933769
1982m11,-.5,.04,10984197,10933769,10858525
1982m12,0,.36,10933769,10858525,10798096
1983m1,1.8,.47,10858525,10798096,10706030
1983m2,1.1,.36,10798096,10706030,10541414
1983m3,2.7,.38,10706030,10541414,10542924
1983m4,5.9,.28,10541414,10542924,10791311
1983m5,9.1,.31,10542924,10791311,10805631
1983m6,7.6,.17,10791311,10805631,10707802
1983m7,3.4,.12,10805631,10707802,10742644
1983m8,-4.3,.3,10707802,10742644,10970070
1983m9,-5.1,.36,10742644,10970070,10834021
1983m10,-8.1,.1,10970070,10834021,10596227
1983m11,-5.2,.22,10834021,10596227,10429630
1983m12,-7.3,.11,10596227,10429630,10326426
1984m1,-5.9,.24,10429630,10326426,10420684
1984m2,-4.7,.1,10326426,10420684,10485039
1984m3,-1.4,.25,10420684,10485039,10473969
1984m4,-.6,.05,10485039,10473969,10484242
1984m5,.4,.31,10473969,10484242,10415073
1984m6,2.6,0,10484242,10415073,10406672
1984m7,2.2,.12,10415073,10406672,10209777
1984m8,3.6,.12,10406672,10209777,10084213
1984m9,1.4,.18,10209777,10084213,10146585
1984m10,.5,.04,10084213,10146585,10313892
1984m11,-2.8,-.05,10146585,10313892,10381997
1984m12,-4.8,-.14,10313892,10381997,10414299
1985m1,-8.800000000000001,.17,10381997,10414299,10571153
1985m2,-7.9,-.11,10414299,10571153,10908796
1985m3,-10.1,.12,10571153,10908796,10881759
1985m4,-10.1,.05,10908796,10881759,10495349
1985m5,-11.9,.07,10881759,10495349,10009021
1985m6,-11.5,.14,10495349,10009021,10180368
1985m7,-12.1,-.04,10009021,10180368,10294531
1985m8,-13.8,.11,10180368,10294531,10359414
1985m9,-13,.06,10294531,10359414,10342670
1985m10,-12.3,.06,10359414,10342670,10109451
1985m11,-10.9,.01,10342670,10109451,10145196
1985m12,-10.6,.09,10109451,10145196,10366371
1986m1,-9.199999999999999,.23,10145196,10366371,10301607
1986m2,-8.1,.37,10366371,10301607,10337588
1986m3,-8.699999999999999,.26,10301607,10337588,10571842
1986m4,-8.9,.2,10337588,10571842,10356539
1986m5,-10.2,.16,10571842,10356539,10581893
1986m6,-9.4,.07,10356539,10581893,10953593
1986m7,-11.7,.06,10581893,10953593,10852525
1986m8,-10.9,.08,10953593,10852525,10770437
1986m9,-11.9,-.01,10852525,10770437,10789271
1986m10,-12.3,.06,10770437,10789271,10639183
1986m11,-12.7,.02,10789271,10639183,10607538
1986m12,-11.5,.07,10639183,10607538,10798994
1987m1,-9.6,.27,10607538,10798994,10822862
1987m2,-6.9,.39,10798994,10822862,10815381
1987m3,-9.199999999999999,.12,10822862,10815381,10908679
1987m4,-10.8,.18,10815381,10908679,10891496
1987m5,-9.300000000000001,.17,10908679,10891496,10905176
1987m6,-7.7,.33,10891496,10905176,10682839
1987m7,-6.6,.41,10905176,10682839,10834480
1987m8,-11.9,.19,10682839,10834480,10853052
1987m9,-13.7,.31,10834480,10853052,10504517
1987m10,-15.1,.27,10853052,10504517,10738122
1987m11,-10.5,.21,10504517,10738122,10792303
1987m12,-7,.45,10738122,10792303,10555389
1988m1,-7.5,.52,10792303,10555389,10633700
1988m2,-6.2,.36,10555389,10633700,10676688
1988m3,-8.300000000000001,.47,10633700,10676688,10510355
1988m4,-6.6,.36,10676688,10510355,10108282
1988m5,-6.5,.39,10510355,10108282,10427835
1988m6,-5,.4,10108282,10427835,10811140
1988m7,-4.8,.27,10427835,10811140,10955287
1988m8,-3.2,.32,10811140,10955287,10853545
1988m9,-1.7,.31,10955287,10853545,10896491
1988m10,-1,.3,10853545,10896491,10893385
1988m11,-3.3,-.01,10896491,10893385,10825293
1988m12,-7.8,.21,10893385,10825293,10507086
1989m1,-7.8,.06,10825293,10507086,10243524
1989m2,-6.4,.29,10507086,10243524,10137404
1989m3,-.8,.29,10243524,10137404,10388723
1989m4,0,.2,10137404,10388723,10831985
1989m5,.5,.07,10388723,10831985,11077733
1989m6,-1.4,.08,10831985,11077733,10589279
1989m7,-1.1,.3,11077733,10589279,10154850
1989m8,.6,.26,10589279,10154850,10160913
1989m9,1.9,.33,10154850,10160913,10409449
1989m10,2.2,.27,10160913,10409449,10390902
1989m11,2.7,.09,10409449,10390902,10385871
1989m12,1,.3,10390902,10385871,10465543
1990m1,-.1,.31,10385871,10465543,10352841
1990m2,-3.1,.3,10465543,10352841,9916112
1990m3,-4.2,.68,10352841,9916112,9832450
1990m4,-3.6,.47,9916112,9832450,9805602
1990m5,-3.6,.38,9832450,9805602,9945343
1990m6,.5,.29,9805602,9945343,9982769
1990m7,.4,.44,9945343,9982769,10037706
1990m8,4.1,.25,9982769,10037706,10154866
1990m9,4.1,.17,10037706,10154866,10545613
1990m10,5.2,.39,10154866,10545613,10237062
1990m11,5.8,.37,10545613,10237062,10086880
1990m12,3.1,.35,10237062,10086880,10277535
1991m1,4.6,.35,10086880,10277535,10434374
1991m2,4.8,.45,10277535,10434374,10486714
1991m3,5.7,.3,10434374,10486714,10495435
1991m4,2.3,.45,10486714,10495435,10512001
1991m5,.1,.32,10495435,10512001,10661178
1991m6,-.3,.5,10512001,10661178,10413147
1991m7,1.5,.49,10661178,10413147,10062412
1991m8,3.9,.39,10413147,10062412,9756132
1991m9,4.8,.4,10062412,9756132,10017191
1991m10,5.7,.21,9756132,10017191,10221739
1991m11,6.2,.19,10017191,10221739,10342224
1991m12,5.8,.26,10221739,10342224,10327536
1992m1,8.300000000000001,.38,10342224,10327536,10390726
1992m2,10.3,.35,10327536,10390726,10437409
1992m3,8.9,.39,10390726,10437409,10662443
1992m4,7.7,.17,10437409,10662443,10910241
1992m5,4.7,.23,10662443,10910241,10790332
1992m6,5.4,.17,10910241,10790332,10463310
1992m7,3.7,.02,10790332,10463310,10860555
1992m8,3.7,.01,10463310,10860555,10832278
1992m9,4.8,-.11,10860555,10832278,10784198
1992m10,8.1,-.04,10832278,10784198,10686596
1992m11,7.2,-.07,10784198,10686596,10615857
1992m12,5.9,.1,10686596,10615857,10609422
1993m1,3.9,.28,10615857,10609422,10451688
1993m2,5,.29,10609422,10451688,10555500
1993m3,6.6,.29,10451688,10555500,10432429
1993m4,8.800000000000001,.17,10555500,10432429,10029194
1993m5,9.199999999999999,.17,10432429,10029194,9872524
1993m6,5.1,.1,10029194,9872524,9951619
1993m7,1.6,.13,9872524,9951619,10174835
1993m8,-1.5,.03,9951619,10174835,10239989
1993m9,-4.6,0,10174835,10239989,10358512
1993m10,-3.4,.15,10239989,10358512,10365126
1993m11,-4.6,-.01,10358512,10365126,10492821
1993m12,-.1,.13,10365126,10492821,10485901
1994m1,3.4,.23,10492821,10485901,10464975
1994m2,3.2,-.07,10485901,10464975,10511775
1994m3,4.6,.2,10464975,10511775,10531265
1994m4,3.1,.3,10511775,10531265,10476830
1994m5,5.6,.17,10531265,10476830,10440407
1994m6,4.8,.35,10476830,10440407,10392790
1994m7,7.7,.23,10440407,10392790,10766792
1994m8,7.1,.16,10392790,10766792,10697688
1994m9,7.1,.32,10766792,10697688,10647422
1994m10,6.8,.37,10697688,10647422,10541179
1994m11,4.9,.4,10647422,10541179,10317778
1994m12,7.1,.29,10541179,10317778,10277536
1995m1,8.1,.44,10317778,10277536,10227933
1995m2,9.300000000000001,.72,10277536,10227933,10062721
1995m3,10.5,.41,10227933,10062721,9822391
1995m4,8.800000000000001,.42,10062721,9822391,9918323
1995m5,8.4,.21,9822391,9918323,9937947
1995m6,7.6,.37,9918323,9937947,9846874
1995m7,9.5,.5,9937947,9846874,9637380
1995m8,9.699999999999999,.4,9846874,9637380,9287008
1995m9,11.5,.24,9637380,9287008,10134187
1995m10,12.7,.44,9287008,10134187,10388032
1995m11,14.7,.38,10134187,10388032,9992641
1995m12,17.9,.24,10388032,9992641,9733055
1996m1,17.1,.25,9992641,9733055,9796851
1996m2,16.8,.48,9733055,9796851,9912060
1996m3,11.3,.31,9796851,9912060,9655716
1996m4,8.699999999999999,.27,9912060,9655716,10214529
1996m5,8,.21,9655716,10214529,11078568
1996m6,7.8,.19,10214529,11078568,10804118
1996m7,13.8,.36,11078568,10804118,11165093
1996m8,16.1,.48,10804118,11165093,10598049
1996m9,21.7,.25,11165093,10598049,10156167
1996m10,19,.16,10598049,10156167,10047639
1996m11,17.4,.34,10156167,10047639,10013305
1996m12,15.5,.35,10047639,10013305,10142614
1997m1,18,.28,10013305,10142614,10213772
1997m2,20.6,.33,10142614,10213772,10210950
1997m3,24.1,.49,10213772,10210950,10209632
1997m4,24.6,.33,10210950,10209632,10135330
1997m5,25.2,.32,10209632,10135330,10155180
1997m6,25,.53,10135330,10155180,10230843
1997m7,20.4,.29,10155180,10230843,10409334
1997m8,20.2,.35,10230843,10409334,9640557
1997m9,19.1,.44,10409334,9640557,10201930
1997m10,24.2,.53,9640557,10201930,10492363
1997m11,23.9,.58,10201930,10492363,10619499
1997m12,26.1,.57,10492363,10619499,10833920
1998m1,22.7,.55,10619499,10833920,10499786
1998m2,19.2,.83,10833920,10499786,10308492
1998m3,15.3,.6,10499786,10308492,10305839
1998m4,11.7,.57,10308492,10305839,10267296
1998m5,11.6,.68,10305839,10267296,10067043
1998m6,11.9,.73,10267296,10067043,10024629
1998m7,14.1,.66,10067043,10024629,9917335
1998m8,15.1,.65,10024629,9917335,10012765
1998m9,17.3,.43,9917335,10012765,10131696
1998m10,15.4,.41,10012765,10131696,10200889
1998m11,13.5,.45,10131696,10200889,10469032
1998m12,12.6,.52,10200889,10469032,10383493
1999m1,15.9,.42,10469032,10383493,10448005
1999m2,19.6,.6,10383493,10448005,10804807
1999m3,24,.28,10448005,10804807,10480323
1999m4,23.3,.26,10804807,10480323,10481095
1999m5,24.3,.23,10480323,10481095,10330272
1999m6,23.6,.36,10481095,10330272,10153717
1999m7,25.1,.31,10330272,10153717,9875814
1999m8,24.1,.29,10153717,9875814,10390340
1999m9,23.6,.31,9875814,10390340,10629166
1999m10,22,.34,10390340,10629166,10318481
1999m11,18.7,.3,10629166,10318481,10078699
1999m12,16.6,.35,10318481,10078699,9972795
2000m1,14.6,.18,10078699,9972795,9886434
2000m2,17.3,.53,9972795,9886434,10067837
2000m3,21.6,.51,9886434,10067837,10064358
2000m4,25,.54,10067837,10064358,10032677
2000m5,29.3,.31,10064358,10032677,10261076
2000m6,28.5,.39,10032677,10261076,10263698
2000m7,29.6,.37,10261076,10263698,10046715
2000m8,24.3,.4,10263698,10046715,10305937
2000m9,21.9,.36,10046715,10305937,9975562
2000m10,18.4,.2,10305937,9975562,10167569
2000m11,19.4,.29,9975562,10167569,10075378
2000m12,20.8,.25,10167569,10075378,10366625
2001m1,24.9,.39,10075378,10366625,10632654
2001m2,25.4,.41,10366625,10632654,10539976
2001m3,28.3,.55,10632654,10539976,10267093
2001m4,26.3,.44,10539976,10267093,9803350
2001m5,27.2,.53,10267093,9803350,9918224
2001m6,27.5,.46,9803350,9918224,10302568
2001m7,29.2,.54,9918224,10302568,10238461
2001m8,31,.48,10302568,10238461,10272731
2001m9,31,.51,10238461,10272731,10407673
2001m10,28.1,.47,10272731,10407673,9596363
2001m11,24.4,.66,10407673,9596363,10115956
2001m12,21.4,.51,9596363,10115956,10264994
2002m1,21.4,.71,10115956,10264994,10353788
2002m2,22.4,.7,10264994,10353788,9904212
2002m3,23.3,.89,10353788,9904212,10190586
2002m4,22.7,.5600000000000001,9904212,10190586,9971222
2002m5,24.4,.57,10190586,9971222,10028459
2002m6,26.9,.49,9971222,10028459,9820393
2002m7,27,.58,10028459,9820393,9874259
2002m8,26.1,.47,9820393,9874259,9971322
2002m9,28.1,.54,9874259,9971322,9902172
2002m10,29.4,.51,9971322,9902172,9703338
2002m11,31.7,.51,9902172,9703338,10027567
2002m12,30.2,.38,9703338,10027567,10041555
2003m1,29,.68,10027567,10041555,10049469
2003m2,27.5,.51,10041555,10049469,9958414
2003m3,26.8,.54,10049469,9958414,9822884
2003m4,30.9,.49,9958414,9822884,10216470
2003m5,33.6,.53,9822884,10216470,9991499
2003m6,38,.42,10216470,9991499,9949625
2003m7,38.4,.5,9991499,9949625,9933644
2003m8,41,.64,9949625,9933644,9738861
2003m9,41.8,.61,9933644,9738861,9869266
2003m10,41.6,.68,9738861,9869266,10125651
2003m11,37.3,.49,9869266,10125651,10180383
2003m12,35.7,.6899999999999999,10125651,10180383,9871657
2004m1,32.5,.54,10180383,9871657,9856106
2004m2,30.1,.67,9871657,9856106,9644752
2004m3,31,.59,9856106,9644752,9824972
2004m4,32.4,.52,9644752,9824972,10094595
2004m5,37.6,.36,9824972,10094595,10283783
2004m6,39.1,.35,10094595,10283783,10231648
2004m7,37.4,.21,10283783,10231648,10000597
2004m8,38,.43,10231648,10000597,10060112
2004m9,35.5,.48,10000597,10060112,10005945
2004m10,35,.6,10060112,10005945,10085204
2004m11,33,.66,10005945,10085204,9738600
2004m12,33,.47,10085204,9738600,9365878
2005m1,36.2,.6899999999999999,9738600,9365878,9596299
2005m2,36.2,.55,9365878,9596299,9679800
2005m3,34.5,.6899999999999999,9596299,9679800,9775378
2005m4,34.2,.63,9679800,9775378,9756630
2005m5,35,.55,9775378,9756630,9686953
2005m6,37,.59,9756630,9686953,9691401
2005m7,37.2,.55,9686953,9691401,9929400
2005m8,35.7,.57,9691401,9929400,9532837
2005m9,32.1,.68,9929400,9532837,9951209
2005m10,31,.73,9532837,9951209,9663292
2005m11,29.5,.64,9951209,9663292,8428890
2005m12,30.5,.64,9663292,8428890,9156900
2006m1,30,.48,8428890,9156900,9199988
2006m2,33,.64,9156900,9199988,9383789
2006m3,37.9,.59,9199988,9383789,9322561
2006m4,39.8,.45,9383789,9322561,9314255
2006m5,38.2,.42,9322561,9314255,9627123
2006m6,34.2,.5600000000000001,9314255,9627123,9877998
2006m7,32.9,.43,9627123,9877998,9829780
2006m8,35,.64,9877998,9829780,9909110
2006m9,37.5,.55,9829780,9909110,9381817
2006m10,38.7,.6,9909110,9381817,9248766
2006m11,38.3,.65,9381817,9248766,9298859
2006m12,32.3,.72,9248766,9298859,9383027
2007m1,29.7,.89,9298859,9383027,9229720
2007m2,24.7,.64,9383027,9229720,8906392
2007m3,29,.65,9229720,8906392,9217268
2007m4,33.5,.68,8906392,9217268,8720652
2007m5,42.2,.62,9217268,8720652,8417876
2007m6,46.5,.54,8720652,8417876,8336351
2007m7,48.5,.5600000000000001,8417876,8336351,8368243
2007m8,46.9,.57,8336351,8368243,7991787
2007m9,43.2,.53,8368243,7991787,9025676
2007m10,41.3,.55,7991787,9025676,8926692
2007m11,41.6,.49,9025676,8926692,9529609
2007m12,41.8,.4,8926692,9529609,9199454
2008m1,42.8,.17,9529609,9199454,9761466
2008m2,41.6,.26,9199454,9761466,9440303
2008m3,46.2,.66,9761466,9440303,8991208
2008m4,49,.44,9440303,8991208,8989634
2008m5,54.4,.41,8991208,8989634,9217856
2008m6,54.7,.35,8989634,9217856,8881913
2008m7,56.5,.55,9217856,8881913,8511201
2008m8,53.7,.37,8881913,8511201,9362145
2008m9,51.5,.53,8511201,9362145,9573277
2008m10,47.1,.5600000000000001,9362145,9573277,9492127
2008m11,46.4,.58,9573277,9492127,9421498
2008m12,43.8,.49,9492127,9421498,9472976
2009m1,44.7,.55,9421498,9472976,9373098
2009m2,43,.45,9472976,9373098,9415252
2009m3,46.4,.48,9373098,9415252,9582898
2009m4,47.7,.49,9415252,9582898,9484563
2009m5,53.4,.54,9582898,9484563,9104399
2009m6,57,.62,9484563,9104399,9267301
2009m7,58.4,.67,9104399,9267301,9154053
2009m8,59.1,.5600000000000001,9267301,9154053,8742898
2009m9,60.9,.66,9154053,8742898,8695335
2009m10,62.3,.6,8742898,8695335,9001087
